epoch,train_mse,val_n,val_mae,val_rmse,val_pearson,val_spearman
1,0.242932642538267,4147,0.3695560693740845,0.49094435572624207,0.18803911329667708,0.15727744877987052
2,0.2281515016540201,4147,0.3733644485473633,0.47512444853782654,0.4371433369593008,0.4350999029168246
3,0.18785996467609034,4147,0.3036987781524658,0.4114893674850464,0.5895768502907961,0.5840034821959191
4,0.15167852446060842,4147,0.281753808259964,0.37775224447250366,0.6535611501602147,0.643200801716694
5,0.12867908542027187,4147,0.2562912702560425,0.350570410490036,0.7152630859189664,0.7121721365864412
6,0.11360365341013418,4147,0.2540350556373596,0.3438307046890259,0.7417959456472546,0.7403612325122717
7,0.10120611649610309,4147,0.23802690207958221,0.32924145460128784,0.7610577235317293,0.7621366717267485
8,0.09504947926487811,4147,0.25026610493659973,0.3405606746673584,0.7744817472483684,0.7758506245769575
9,0.09222503070883492,4147,0.22205637395381927,0.31041404604911804,0.7814016893528957,0.7835498416948559
10,0.08615232230401684,4147,0.21698084473609924,0.30471765995025635,0.7889834555918581,0.7915248836480758
11,0.08363692930365232,4147,0.21305601298809052,0.3008458912372589,0.7946147358320907,0.7969540231365667
12,0.08371378154097157,4147,0.2102491706609726,0.297720730304718,0.7998179822521172,0.8026625352084524
13,0.08063668702879406,4147,0.20754936337471008,0.2949133813381195,0.8031950981372593,0.8066819843613241
14,0.07828495330037082,4147,0.206743985414505,0.29398074746131897,0.8066724058584506,0.8104987703615177
15,0.07642736174472019,4147,0.20931273698806763,0.295230507850647,0.8092101342799219,0.8126880844356672
16,0.07615129707449654,4147,0.21547137200832367,0.29994332790374756,0.8118128257014217,0.8156193842679338
17,0.07476620771767847,4147,0.2004290223121643,0.2866184115409851,0.8152885270957428,0.8194657876625712
18,0.07360158806180259,4147,0.1992374211549759,0.285442978143692,0.816872875567937,0.8206297073928546
19,0.07286947713221921,4147,0.21492812037467957,0.30153128504753113,0.8203301306820263,0.8239064092801687
20,0.07202656142669596,4147,0.19731341302394867,0.28278210759162903,0.8215901756227285,0.8253761237284222
21,0.06995459206789668,4147,0.1979055553674698,0.2823718786239624,0.8231128785409612,0.8277796722832413
22,0.0687018555764298,4147,0.19854898750782013,0.28276315331459045,0.8260373134189545,0.8299772646325312
23,0.06899878172530668,4147,0.1956031620502472,0.2799938917160034,0.8277323378264284,0.8315589769181535
24,0.0676153414393131,4147,0.19335773587226868,0.2786220908164978,0.8303360244280786,0.8332719241656069
25,0.06613634117072242,4147,0.19340594112873077,0.2773355543613434,0.8323185079485903,0.8351808812551235
26,0.06595398039282654,4147,0.18974921107292175,0.2740328311920166,0.8331243765972681,0.8365947391572669
27,0.06461860761929877,4147,0.18776370584964752,0.27185121178627014,0.8355801168494082,0.8385891248410363
28,0.06449621649780111,4147,0.19396278262138367,0.27709469199180603,0.8373865647799016,0.8402944243652062
29,0.06477244015059307,4147,0.1885700225830078,0.27193546295166016,0.838208513722728,0.8410591808771766
30,0.06290037594022052,4147,0.18499824404716492,0.268988698720932,0.8394952638031787,0.8421500431614745
31,0.06270499485908725,4147,0.20706993341445923,0.28812116384506226,0.8410438127906178,0.8440399371414
32,0.06352621908538897,4147,0.1929650455713272,0.2751244902610779,0.8422376179833234,0.8444039061435693
33,0.06176704661793243,4147,0.18217915296554565,0.26545190811157227,0.8443408516135097,0.8467686685523044
34,0.0605394614743186,4147,0.1840609908103943,0.2668227255344391,0.8445001814576694,0.8470122962552631
35,0.060411313204697906,4147,0.18156270682811737,0.26541581749916077,0.8447206346979411,0.8465152975530688
36,0.05944704120057301,4147,0.19998669624328613,0.28110241889953613,0.8458937878622389,0.8488623316178964
37,0.05959008053855789,4147,0.1884365677833557,0.27274975180625916,0.8473963379622171,0.8501919001393603
38,0.05898681266868176,4147,0.17817173898220062,0.26171696186065674,0.848677461097036,0.8508532750873864
39,0.05864461331848281,4147,0.1792445182800293,0.26202696561813354,0.8496830495319884,0.8517926778060745
40,0.05879314950635891,4147,0.1899488866329193,0.2738542854785919,0.8512394206398349,0.8535158759169794
41,0.05831366329569699,4147,0.17900317907333374,0.26280003786087036,0.85128911212362,0.8539072514079518
42,0.05714713294714843,4147,0.17847639322280884,0.2623477578163147,0.8515072995266181,0.8546156532538701
43,0.05649127536910615,4147,0.1856629103422165,0.2672233581542969,0.8530005613267172,0.8553723058433519
44,0.057251646965696804,4147,0.18585774302482605,0.2677376866340637,0.8524245530497265,0.8547586941319248
45,0.05626131939231969,4147,0.17428363859653473,0.2578780949115753,0.8543366953384679,0.856428088376002
46,0.05655995757610974,4147,0.1746096909046173,0.2575986683368683,0.8549971890527152,0.8568671575766105
47,0.056501148897088675,4147,0.1735440194606781,0.25696390867233276,0.8548429598604403,0.8564170961619216
48,0.054954405413251334,4147,0.1762176901102066,0.2585819661617279,0.855284503017541,0.857824422285628
49,0.054767565104366256,4147,0.1738813817501068,0.2567179203033447,0.8565778777506289,0.8585195443353896
50,0.054913674046218344,4147,0.1814785897731781,0.2628188133239746,0.8558777415711875,0.8566846269057252
51,0.054996678297707796,4147,0.17126847803592682,0.25439077615737915,0.857860353801321,0.8601308672352614
52,0.05546615280326502,4147,0.17162220180034637,0.25481539964675903,0.8579280106919792,0.8596846623245256
53,0.054426797610325595,4147,0.17133714258670807,0.2546423673629761,0.8580615147654373,0.8602833183051891
54,0.05342252303552541,4147,0.177492156624794,0.25865259766578674,0.8590101971021817,0.8610625796610544
55,0.053930255732173145,4147,0.18235310912132263,0.26290223002433777,0.8587598374703043,0.8601815695777715
56,0.0537239653077322,4147,0.17195665836334229,0.25441989302635193,0.8590462840850225,0.8600542987099641
57,0.05430600477949433,4147,0.19698475301265717,0.27897968888282776,0.8604260400521591,0.8621665720146773
58,0.055266726063436994,4147,0.1743873804807663,0.2581026256084442,0.8602099252668994,0.8626033295481481
59,0.05403125314735721,4147,0.172380268573761,0.2546197175979614,0.8605787757142302,0.8627147253883366
60,0.052776966100135596,4147,0.17895695567131042,0.26227298378944397,0.8607832136194338,0.8628657630436645
61,0.0526987301613303,4147,0.16892725229263306,0.2519340217113495,0.8612155636760536,0.8631865805933601
62,0.05159001903544447,4147,0.17200754582881927,0.2539246380329132,0.8611852679488623,0.8638367865708745
63,0.05131465134812039,4147,0.1702663004398346,0.25205808877944946,0.8623415562678538,0.8643424500399014
64,0.051015854449973856,4147,0.17050226032733917,0.2537943422794342,0.8623630243066152,0.8641992387992704
65,0.051951898324540335,4147,0.17149536311626434,0.25291183590888977,0.8626942443292527,0.865021131422321
66,0.05146156221528516,4147,0.18547019362449646,0.2644383907318115,0.8625670459118988,0.8645786391174195
67,0.05178771293106214,4147,0.16943828761577606,0.2514665424823761,0.8628170914884614,0.8655301657624735
68,0.05139125201541916,4147,0.1739375740289688,0.2565539479255676,0.8640446753764499,0.8657233346297989
69,0.05402734097003864,4147,0.16795963048934937,0.25047463178634644,0.862805355406773,0.8650578207545266
70,0.0502341625215834,4147,0.1741923987865448,0.2553871273994446,0.862641864411677,0.8649940988412116
71,0.05046863475036897,4147,0.1669410914182663,0.24933049082756042,0.8637781512236717,0.8655552956306385
72,0.05140980965766221,4147,0.16790473461151123,0.250592976808548,0.8639801565378323,0.8661535505654246
73,0.050456375807215646,4147,0.1698584109544754,0.25293266773223877,0.8645298347931194,0.8665602457081643
74,0.05062286892255123,4147,0.17608502507209778,0.25625908374786377,0.8639371320061662,0.8653957792555752
75,0.049937922736093536,4147,0.17953860759735107,0.25854143500328064,0.8637075731396152,0.8655248430466779
76,0.05011226690968107,4147,0.17029470205307007,0.25144854187965393,0.8641275317590696,0.8658437707075252
77,0.04969716443818693,4147,0.16717159748077393,0.24893341958522797,0.864315933499089,0.8650364440790828
78,0.05034422105471027,4147,0.17717936635017395,0.2574561536312103,0.8650401606273255,0.8664396934473674
79,0.04966419706430867,4147,0.1697053164243698,0.2503838837146759,0.8656914397634172,0.8678438873394275
80,0.050602060214804095,4147,0.16748230159282684,0.2493222951889038,0.8659689134533813,0.866956287379299
81,0.049623941853936954,4147,0.16999942064285278,0.25209373235702515,0.8653878670393689,0.8662465519221838
82,0.05084762583571968,4147,0.18165551126003265,0.26037102937698364,0.8657070471986885,0.8671665840373468
83,0.04961955401605841,4147,0.16572564840316772,0.24737133085727692,0.8662836747732587,0.8682310198835679
84,0.0502144558620819,4147,0.18651440739631653,0.26825517416000366,0.8663686460423611,0.868062489530628
85,0.05106915495530854,4147,0.16531875729560852,0.24763289093971252,0.8665974647999415,0.8686804859602083
86,0.0489361476176921,4147,0.18249712884426117,0.26481616497039795,0.8661572580352899,0.8678999513862773
87,0.051682175187788754,4147,0.16934147477149963,0.251303493976593,0.8663084673464306,0.8677466322661214
88,0.048640616493190306,4147,0.17905470728874207,0.26140686869621277,0.8664817340589942,0.868239759441675
89,0.04922950983400873,4147,0.1674688756465912,0.24859614670276642,0.867237043710756,0.8689834201506386
90,0.04814487230627324,4147,0.17266832292079926,0.25202813744544983,0.8669957921432547,0.8688127199618396
91,0.04816676980526152,4147,0.175494983792305,0.2545851469039917,0.8671266106750631,0.86897623657073
92,0.0491104390942224,4147,0.16688689589500427,0.24875029921531677,0.8666207360547111,0.867732795291468
93,0.04904455659046257,4147,0.16483868658542633,0.24648930132389069,0.8670894445955798,0.8689011786895137
94,0.047368495030610094,4147,0.1654173731803894,0.24603483080863953,0.8683047993692621,0.8697480967394249
95,0.04745318986640835,4147,0.16669274866580963,0.24692094326019287,0.8681384149043347,0.8694486684846233
96,0.04829590401979485,4147,0.17749209702014923,0.2588861584663391,0.8674375793050948,0.8684518289276814
97,0.04857268758858906,4147,0.16646090149879456,0.24813967943191528,0.8681410415316279,0.8693645606909572
98,0.048141644765388174,4147,0.18318600952625275,0.2639940679073334,0.8691005516053326,0.8701096758701329
99,0.04982182500585483,4147,0.17830760776996613,0.25978973507881165,0.8680687385784849,0.8691429337016957
100,0.048446799045857344,4147,0.16716286540031433,0.24700146913528442,0.867963104676025,0.8692947634378422
101,0.047846314713345287,4147,0.16457854211330414,0.24566613137722015,0.8685458226154605,0.8693228523987977
102,0.04702336727263501,4147,0.1733919084072113,0.25276419520378113,0.8683249070107375,0.8686120164780416
103,0.048393420621358575,4147,0.17783920466899872,0.25666457414627075,0.8673499440190133,0.8677309408577109
104,0.04758910811048904,4147,0.16753633320331573,0.2484983503818512,0.8682679105509612,0.8686596888540431
105,0.04736703327064385,4147,0.16470366716384888,0.24565091729164124,0.8687196791778445,0.8692422145588264
106,0.04660396868944639,4147,0.16430670022964478,0.2447950541973114,0.8694142085693226,0.8698006702939969
107,0.04696245125737568,4147,0.1670142114162445,0.2488357424736023,0.8687368072755483,0.8693925036028103
108,0.04755713011209781,4147,0.17518451809883118,0.2538526952266693,0.8680770679370039,0.8691635354587733
109,0.04852059953691713,4147,0.17683471739292145,0.25541314482688904,0.8681855912519533,0.8685810651734114
110,0.04778453730937013,4147,0.16564521193504333,0.2457270473241806,0.868848861128122,0.869487744732584
111,0.04659891009022668,4147,0.16534686088562012,0.24653589725494385,0.8690610112633127,0.8698109565284969
112,0.04700487444432683,4147,0.16489526629447937,0.24520078301429749,0.8693102083211796,0.8702878437813355
113,0.04769892335418294,4147,0.16800129413604736,0.24678485095500946,0.8697188529961665,0.8703785427613137
114,0.0468198449078774,4147,0.16932229697704315,0.249478280544281,0.8706024408369646,0.870798981110562
115,0.0475603607486323,4147,0.1664060354232788,0.24606645107269287,0.8698128139773402,0.8704360753282291
116,0.04605583893415521,4147,0.16646677255630493,0.24582834541797638,0.8694598874472067,0.8696712139174637
117,0.04641527028232768,4147,0.16957129538059235,0.2504711449146271,0.868712627303026,0.8696563970004447
118,0.046698072780343894,4147,0.16518042981624603,0.24526695907115936,0.8691566556049518,0.8698519896434874
119,0.04692016555798855,4147,0.17254380881786346,0.2508734166622162,0.8696703281947232,0.8701137767707694
120,0.04571103479211437,4147,0.16460084915161133,0.24491679668426514,0.8696745065454645,0.8699755329663486
121,0.04613817437404954,4147,0.171517014503479,0.24934153258800507,0.8694673927361765,0.8695595415430586
122,0.04602740146072486,4147,0.16415612399578094,0.24407438933849335,0.8701460405308579,0.8699893716601911
123,0.045611323662244935,4147,0.16321232914924622,0.2432039976119995,0.8709301945834262,0.8710189789288147
124,0.04615540874198274,4147,0.1683792620897293,0.24875809252262115,0.8708625082297891,0.8710880435807864
125,0.04548654264979139,4147,0.16450679302215576,0.24412553012371063,0.8703100588725223,0.8697905701433669
126,0.04551979503159684,4147,0.16367286443710327,0.2430722564458847,0.8710157808544357,0.8712102415020069
127,0.04574742369075139,4147,0.19905151426792145,0.2731510102748871,0.8702572990440015,0.8698016461981384
128,0.046997781656059535,4147,0.16782312095165253,0.24822793900966644,0.8703628299080352,0.8702375672665934
129,0.045578618469971154,4147,0.17079590260982513,0.25054898858070374,0.8714356866983303,0.8710642245369687
130,0.04680826412522347,4147,0.16502951085567474,0.24476997554302216,0.8706705166882366,0.8702563963274496
131,0.045226470374678654,4147,0.16339397430419922,0.24264101684093475,0.8717830843730997,0.8712689544190558
132,0.04535370145879933,4147,0.16372138261795044,0.24401886761188507,0.871296842689212,0.8711157129029611
133,0.04644133766241514,4147,0.16385100781917572,0.24326744675636292,0.8707854240410997,0.8704801753536027
134,0.045323445440906274,4147,0.1834651678800583,0.26315903663635254,0.8707929350501602,0.8703489968427782
135,0.04667068014879037,4147,0.1717488318681717,0.2495662420988083,0.8711392524789163,0.8711825826960405
136,0.04586980000894894,4147,0.16376599669456482,0.2437528669834137,0.870727141044658,0.8704119791721874
137,0.04508513084882641,4147,0.1642531305551529,0.24408291280269623,0.8707657043489494,0.8701931749381302
138,0.04551981838007182,4147,0.16550788283348083,0.2443772256374359,0.8709562998325046,0.8707181311907619
139,0.04465400610933481,4147,0.16673552989959717,0.24514327943325043,0.8694202047659956,0.8687596428436231
140,0.04545749655816286,4147,0.16289839148521423,0.24263504147529602,0.8720263317690546,0.8714181742005311
141,0.04613009378309488,4147,0.1662648767232895,0.24439384043216705,0.8714256973506692,0.8709121979374008
142,0.04485530872594516,4147,0.1627875715494156,0.24156861007213593,0.8731016370688948,0.8718751071948672
143,0.045805431311617656,4147,0.16297045350074768,0.2428211122751236,0.8715407223750598,0.8710569569956523
144,0.04494040018407977,4147,0.16386057436466217,0.24339699745178223,0.8714700267291823,0.8709149840595953
145,0.0456187822572563,4147,0.17543728649616241,0.25235357880592346,0.8721192559152917,0.8709440099726568
146,0.04567289231517787,4147,0.1657593697309494,0.24532219767570496,0.8712786217494239,0.870975670153863
147,0.04521592453475526,4147,0.1682887226343155,0.2460889220237732,0.8711685307238877,0.8699265875402756
148,0.04443177754219704,4147,0.16650091111660004,0.2445557713508606,0.8725776445945029,0.8711957356123682
149,0.044716838834816905,4147,0.1651756763458252,0.244564950466156,0.8725940691732916,0.8718130062553081
150,0.04485009882172106,4147,0.2220015674829483,0.29303884506225586,0.8707155486809083,0.8698285804794093
